{
  "uuid": "YU[Za19w&ftmXt4;P&|w;'d`/c<vGVLBvQ1&#':E$f2@co1K%f#|dltUw#g9>{Q",
  "components":
  {
	"camera_list":
	[
	  {
		"name": "mainCamera",
		"uuid": "09Uw29Vy`b_dc,hmF#%3/VUM39nUylXa^fZm|3h_M${i-eX+@[;LinQy_B,50as"
	  },

	  {
		"name": "playerCamera",
		"uuid": "|es)>tN/}=&&IWiY-qq_]O^k]G]S'Pn^ZCekZ=KQ&LehCXo){LS,J4yCBSA^i5{"
	  },

	  {
		"name": "extraCamera1",
		"uuid": ""
	  },

	  {
		"name": "extraCamera2",
		"uuid": ""
	  },

	  {
		"name": "extraCamera3",
		"uuid": ""
	  },

	  {
		"name": "totalTime",
		"float32": 0.0
	  },

	  {
		"name": "timerTick",
		"float32": 0.0
	  },

	  {
		"name": "currActiveCamera",
		"float32": 2.0
	  }
	]
  }
}
