{
  "uuid": "5|5VzV1VxUG4E{CwMaZZNnaQ>d|TLXXM*pS_`3.XR*lKS`K<z;}<$Y4,8d>>{3>",
  "components":
  {
    "transform":
    [
      {
  			"name": "position",
  			"float32": [-50.0, 0.5, 50.0]
  		},

  		{
  			"name": "rotation",
  			"float32": [0.0, 0.0, 0.0, 1.0]
  		},

  		{
  			"name": "scale",
  			"float32": [1.0, 1.0, 1.0]
  		},

  		{
  			"name": "parent",
  			"uuid": ""
  		},

  		{
  			"name": "firstChild",
  			"uuid": ""
  		},

  		{
  			"name": "nextSibling",
  			"uuid": ""
  		},

  		{
  			"name": "dirty",
  			"bool": true
  		},

  		{
  			"name": "globalPosition",
  			"float32": [0.0, 0.0, 0.0]
  		},

  		{
  			"name": "globalRotation",
  			"float32": [0.0, 0.0, 0.0, 1.0]
  		},

  		{
  			"name": "globalScale",
  			"float32": [1.0, 1.0, 1.0]
  		},

  		{
  			"name": "lastGlobalPosition",
  			"float32": [0.0, 0.0, 0.0]
  		},

  		{
  			"name": "lastGlobalRotation",
  			"float32": [0.0, 0.0, 0.0, 1.0]
  		},

  		{
  			"name": "lastGlobalScale",
  			"float32": [1.0, 1.0, 1.0]
  		}
    ],

    "model":
    [
      {
        "name": "name",
        "char(1024)": "tempEnemy"
      },

      {
        "name": "name",
        "bool": true
      }
    ],

    "enemy":
    [
      {
        "name": "target",
        "uuid": "EzcKV)_Z+N#(+KZsuZ0uD$Fqz8i8IDN*7UZ$|q(SO;MXjorw$O#hyOJ@M//P1<o"
      },

      {
        "name": "type",
        "float32": 1.0
      },

      {
        "name": "health",
        "float32": 100.0
      },

      {
        "name": "speed",
        "float32": 5.0
      },

      {
        "name": "attackDamage",
        "float32": 10.0
      },

      {
        "name": "time",
        "float32": 0.0
      },

      {
        "name": "range",
        "float32": 20.0
      },

      {
        "name": "canSeePlayer",
        "bool": false
      },

      {
        "name": "inCombat",
        "bool": false
      },

      {
        "name": "direction",
        "float32": [0.0, 0.0, 0.0]
      }
    ]
  }
}
