{
  "uuid": "5L1JcF[-wS{a{(;9up}YAhC:2VvaAFu:B/%bQ%Mwx)cc@Km$gEI2W@pj/<hNcPh",
  "components":
  {
    "transform":
  	[
		{
			"name": "position",
			"float32": [0.0, 0.0, 0.0]
		},

		{
			"name": "rotation",
			"float32": [0.0, 0.0, 0.0, 1.0]
		},

		{
			"name": "scale",
			"float32": [2.0, 2.0, 2.0]
		},

		{
			"name": "parent",
			"uuid": ""
		},

		{
			"name": "firstChild",
			"uuid": ""
		},

		{
			"name": "nextSibling",
			"uuid": ""
		},

		{
			"name": "dirty",
			"bool": true
		},

		{
			"name": "globalPosition",
			"float32": [0.0, 0.0, 0.0]
		},

		{
			"name": "globalRotation",
			"float32": [0.0, 0.0, 0.0, 1.0]
		},

		{
			"name": "globalScale",
			"float32": [1.0, 1.0, 1.0]
		},

		{
			"name": "lastGlobalPosition",
			"float32": [0.0, 0.0, 0.0]
		},

		{
			"name": "lastGlobalRotation",
			"float32": [0.0, 0.0, 0.0, 1.0]
		},

		{
			"name": "lastGlobalScale",
			"float32": [1.0, 1.0, 1.0]
		}
  	],

    "model":
    [
      {
        "name": "name",
        "char(1024)": "test"
      },

      {
        "name": "visble",
        "bool": true
      }
    ]
  }
}
