{
  "uuid": "$1LgWw+SZLt)#C9QF84b`fLY4fZkn:uz-SWm]+AUf;@F=D:hpCAAkdsg}Hkf?G@",
  "components":
  {
    "transform":
  	[
		{
			"name": "position",
			"float32": [0.0, 0.0, 0.0]
		},

		{
			"name": "rotation",
			"float32": [0.707, 0.0, 0.0, 0.707]
		},

		{
			"name": "scale",
			"float32": [1.0, 1.0, 1.0]
		},

		{
			"name": "parent",
			"uuid": ""
		},

		{
			"name": "firstChild",
			"uuid": ""
		},

		{
			"name": "nextSibling",
			"uuid": ""
		},

		{
			"name": "dirty",
			"bool": true
		},

		{
			"name": "globalPosition",
			"float32": [0.0, 0.0, 0.0]
		},

		{
			"name": "globalRotation",
			"float32": [0.0, 0.0, 0.0, 1.0]
		},

		{
			"name": "globalScale",
			"float32": [1.0, 1.0, 1.0]
		},

		{
			"name": "lastGlobalPosition",
			"float32": [0.0, 0.0, 0.0]
		},

		{
			"name": "lastGlobalRotation",
			"float32": [0.0, 0.0, 0.0, 1.0]
		},

		{
			"name": "lastGlobalScale",
			"float32": [1.0, 1.0, 1.0]
		}
  	],

    "model":
    [
      {
        "name": "name",
        "char(1024)": "ground"
	    },

      {
        "name": "visble",
        "bool": true
      }
    ],

    "aabb":
    [
      {
        "name": "collisionVolume",
        "uuid": "$1LgWw+SZLt)#C9QF84b`fLY4fZkn:uz-SWm]+AUf;@F=D:hpCAAkdsg}Hkf?G@"
      },

      {
        "name": "bounds",
        "float32": [100.0, 1.0, 100.0]
      }
    ],

    "rigid_body":
       [
           {
               "name": "dynamic_object",
               "bool": false
           },

           {
               "name": "gravityFactor",
               "float32": 0
           },

           {
               "name": "mass",
               "float32": 0
           },

           {
               "name": "elasticity",
               "float32": 0.0
           },

           {
               "name": "drag",
               "float32": 0
           },

           {
               "name": "velocity",
               "float32": [0.0, 0.0, 0.0]
           },

           {
               "name": "forces",
               "float32": [0.0, 0.0, 0.0]
           },

           {
               "name": "centerOfMass",
               "float32": [0.0, 0.0, 0.0]
           }

       ]
  }
}
