{
  "uuid": "QTWBPmA=sPd2h-Q4/{oBF.:-'eYj$(^Af6wOQvp^d#Ej>v/[PsZxZ2dM,IG7YW2",
  "components":
   {
     "transform":
     	[
			{
				"name": "position",
				"float32": [0.0, 4.0, -5.0]
			},

			{
				"name": "rotation",
				"float32": [0.0, 0.0, 0.0, 1.0]
			},

			{
				"name": "scale",
				"float32": [0.01, 0.01, 0.01]
			},

			{
				"name": "parent",
				"uuid": "EzcKV)_Z+N#(+KZsuZ0uD$Fqz8i8IDN*7UZ$|q(SO;MXjorw$O#hyOJ@M//P1<o"
			},

			{
				"name": "firstChild",
				"uuid": ""
			},

			{
				"name": "nextSibling",
				"uuid": "q(jbJWL)N1I%L@^[QEbd*xe8#KB]lk|$#7jMk}1MW$XIR.XdZ#MJUk8;jTZ}*Y`"
			},

			{
				"name": "dirty",
				"bool": true
			},

			{
				"name": "globalPosition",
				"float32": [0.0, 0.0, 0.0]
			},

			{
				"name": "globalRotation",
				"float32": [0.0, 0.0, 0.0, 1.0]
			},

			{
				"name": "globalScale",
				"float32": [1.0, 1.0, 1.0]
			},

			{
				"name": "lastGlobalPosition",
				"float32": [0.0, 0.0, 0.0]
			},

			{
				"name": "lastGlobalRotation",
				"float32": [0.0, 0.0, 0.0, 1.0]
			},

			{
				"name": "lastGlobalScale",
				"float32": [1.0, 1.0, 1.0]
			}
     	],

      "model":
      [
        {
          "name": "name",
          "char(1024)": "teapot"
  	    },

  	    {
          "name": "name",
          "bool": false
        }
      ]
   }
}
