{
  "uuid": "EzcKV)_Z+N#(+KZsuZ0uD$Fqz8i8IDN*7UZ$|q(SO;MXjorw$O#hyOJ@M//P1<o",
  "components":
  {
    "transform":
  	[
  		{
  			"name": "position",
  			"float32": [0.0, 0.0, 0.0]
  		},

  		{
  			"name": "rotation",
  			"float32": [0.0, 0.0, 0.0, 1.0]
  		},

  		{
  			"name": "scale",
  			"float32": [1.0, 1.0, 1.0]
  		},

  		{
  			"name": "parent",
  			"uuid": ""
  		},

  		{
  			"name": "firstChild",
  			"uuid": "QTWBPmA=sPd2h-Q4/{oBF.:-'eYj$(^Af6wOQvp^d#Ej>v/[PsZxZ2dM,IG7YW2"
  		},

  		{
  			"name": "nextSibling",
  			"uuid": ""
  		},

  		{
  			"name": "dirty",
  			"bool": true
  		},

  		{
  			"name": "globalPosition",
  			"float32": [0.0, 0.0, 0.0]
  		},

  		{
  			"name": "globalRotation",
  			"float32": [0.0, 0.0, 0.0, 1.0]
  		},

  		{
  			"name": "globalScale",
  			"float32": [1.0, 1.0, 1.0]
  		},

  		{
  			"name": "lastGlobalPosition",
  			"float32": [0.0, 0.0, 0.0]
  		},

  		{
  			"name": "lastGlobalRotation",
  			"float32": [0.0, 0.0, 0.0, 1.0]
  		},

  		{
  			"name": "lastGlobalScale",
  			"float32": [1.0, 1.0, 1.0]
  		}
  	],

    "model":
    [
      	{
          "name": "name",
          "char(1024)": "battle_mage"
	    },

	    {
          "name": "name",
          "bool": true
      	}
    ],

    "player":
    [
      {
        "name": "health",
        "float32": 100.0
      },

      {
        "name": "stamina",
        "float32": 100.0
      },

      {
        "name": "attackDamage",
        "float32": 0.0
      },

      {
        "name": "time",
        "float32": 0.0
      },

      {
        "name": "inCombat",
        "bool": false
      },

      {
        "name": "sprintToggle",
        "bool": false
      },

      {
        "name": "gamePaused",
        "bool": false
      },

      {
        "name": "direction",
        "float32": [0, 0, 0]
      },

      {
        "name": "desiredDirection",
        "float32": [0, 0, 0]
      }
    ],

    "jumpdash":
    [
      {
        "name": "dashLeft",
        "bool": false
      },

      {
        "name": "dashRight",
        "bool": false
      },

      {
        "name": "dashCounter",
        "float32": 0.0
      },

      {
        "name": "dashCooldown",
        "float32": 0.0
      },

      {
        "name": "jump",
        "bool": false
      },

      {
        "name": "doubleJump",
        "bool": false
      },

      {
        "name": "jumpCounter",
        "float32": 0.0
      }
    ],

    "aabb":
    [
      {
        "name": "collisionVolume",
        "uuid": "EzcKV)_Z+N#(+KZsuZ0uD$Fqz8i8IDN*7UZ$|q(SO;MXjorw$O#hyOJ@M//P1<o"
      },

      {
        "name": "bounds",
        "float32": [5.0, 10.0, 5.0]
      }
    ],

    "rigid_body":
       [
           {
               "name": "dynamic_object",
               "bool": true
           },

           {
               "name": "gravityFactor",
               "float32": 1.0
           },

           {
               "name": "mass",
               "float32": 1.0
           },

           {
               "name": "elasticity",
               "float32": 0.0
           },

           {
               "name": "drag",
               "float32": 0
           },

           {
               "name": "velocity",
               "float32": [0.0, 0.0, 0.0]
           },

           {
               "name": "forces",
               "float32": [0.0, 0.0, 0.0]
           },

           {
               "name": "centerOfMass",
               "float32": [0.0, 0.0, 0.0]
           }

       ]
  }
}
