{
  "uuid": "q(jbJWL)N1I%L@^[QEbd*xe8#KB]lk|$#7jMk}1MW$XIR.XdZ#MJUk8;jTZ}*Y`",
  "components":
  {
    "transform":
    [
  		{
  			"name": "position",
  			"float32": [2.0, 4.0, 0.0]
  		},

  		{
  			"name": "rotation",
  			"float32": [0.707, 0.0, 0.0, 0.707]
  		},

  		{
  			"name": "scale",
  			"float32": [0.75, 0.75, 0.75]
  		},

  		{
  			"name": "parent",
  			"uuid": "EzcKV)_Z+N#(+KZsuZ0uD$Fqz8i8IDN*7UZ$|q(SO;MXjorw$O#hyOJ@M//P1<o"
  		},

  		{
  			"name": "firstChild",
  			"uuid": ""
  		},

  		{
  			"name": "nextSibling",
  			"uuid": ""
  		},

  		{
  			"name": "dirty",
  			"bool": true
  		},

  		{
  			"name": "globalPosition",
  			"float32": [0.0, 0.0, 0.0]
  		},

  		{
  			"name": "globalRotation",
  			"float32": [0.0, 0.0, 0.0, 1.0]
  		},

  		{
  			"name": "globalScale",
  			"float32": [1.0, 1.0, 1.0]
  		},

  		{
  			"name": "lastGlobalPosition",
  			"float32": [0.0, 0.0, 0.0]
  		},

  		{
  			"name": "lastGlobalRotation",
  			"float32": [0.0, 0.0, 0.0, 1.0]
  		},

  		{
  			"name": "lastGlobalScale",
  			"float32": [1.0, 1.0, 1.0]
  		}
    ],

    "model":
    [
      {
        "name": "name",
        "char(1024)": "weapon"
	     },
	    {
        "name": "visible",
        "bool": true
      }
    ],

    "weapon":
    [
      {
        "name": "player",
        "uuid": "EzcKV)_Z+N#(+KZsuZ0uD$Fqz8i8IDN*7UZ$|q(SO;MXjorw$O#hyOJ@M//P1<o"
      },

      {
        "name": "weapon_type",
        "float32": 0.0
      },

      {
        "name": "attackModifier",
        "float32": 10.0
      },

      {
        "name": "attackTick",
        "float32": 0.0
      },

      {
        "name": "attackCounter",
        "float32": 0.0
      },

      {
        "name": "isAttacking",
        "bool": false
      },

      {
        "name": "comboTimes",
        "float32": [0.0, 0.0, 0.0]
      },

      {
        "name": "direction",
        "float32": [0, 0, 0]
      }
    ]
  }
}
