{
  "player": {
    "diffuse": {
      "texture_name": "../textures/PPG_3D_Player_D.png",
      "texture_uv_map": 0,
      "value": [
        0.60000002384185791,
        0.60000002384185791,
        0.60000002384185791
      ]
    },
    "specular": {
      "texture_name": "../textures/PPG_3D_Player_spec.png",
      "texture_uv_map": 0,
      "value": [
        0.40000000596046448,
        0.40000000596046448,
        0.40000000596046448
      ],
      "power": 31
    },
    "normal": {
      "texture_name": "../textures/PPG_3D_Player_N.png",
      "texture_uv_map": 0
    },
    "emissive": {
      "texture_name": "../textures/PPG_3D_Player_emissive.png",
      "texture_uv_map": 0,
      "value": [
        0,
        0,
        0
      ]
    },
    "ambient": {
      "value": [
        0,
        0,
        0
      ]
    }
  }
}
