{
	"systems":
	{
		"update":
		{
			"external":
			[
				"cameraMainSystem",
				"cameraManager",
				"cameraPlayerSystem",
				"enemySystem",
				"playerMovement",
				"playerMovementAdv",
				"playerWeapon",
				"playerGeneral",
				"shakeSystem"
			],

			"internal":
			[
				"clean_hit_information",
				"apply_forces",
				"velocity",
				"clean_global_transforms",
				"apply_parent_transforms",
				"gravity",
				"collide_aabb",
				"collide_resolution"
			]
		},

		"draw":
		{
			"external":
			[

			],

			"internal":
			[
				"renderer",
				"render_aabb"
			]
		}
	},

	"component_limits":
	{
		"transform": 1024,
		"model": 1024,
		"camera": 16,
		"camera_list": 1,
		"camera_main": 1,
		"camera_player": 1,
		"player": 1,
		"weapon": 12,
		"shake": 16,
		"jumpdash": 16,
		"enemy": 16,
		"rigidBody": 1024,
		"collision": 128,
        "aabb": 64,
        "hit_information": 1024
	},

	"active_camera": "|es)>tN/}=&&IWiY-qq_]O^k]G]S'Pn^ZCekZ=KQ&LehCXo){LS,J4yCBSA^i5{"
}
