{
  "Subset0": {
    "diffuse": {
      "texture_name": "",
      "texture_uv_map": 0,
      "value": [
        0.63999998569488525,
        0.63999998569488525,
        0.63999998569488525
      ]
    },
    "specular": {
      "texture_name": "",
      "texture_uv_map": 0,
      "value": [
        0.0035079650115221739,
        0.0035079650115221739,
        0.0035079650115221739
      ],
      "power": 50
    },
    "normal": {
      "texture_name": "",
      "texture_uv_map": 0
    },
    "emissive": {
      "texture_name": "",
      "texture_uv_map": 0,
      "value": [
        0,
        0,
        0
      ]
    },
    "ambient": {
      "value": [
        0,
        0,
        0
      ]
    }
  }
}
