{
  "ground": {
    "diffuse": {
      "texture_name": "tempGrass.png",
      "texture_uv_map": 0,
      "value": [
        0.60000002384185791,
        0.60000002384185791,
        0.60000002384185791
      ]
    },
    "specular": {
      "texture_name": "",
      "texture_uv_map": 0,
      "value": [
        0.125,
        0.125,
        0.125
      ],
      "power": 50
    },
    "normal": {
      "texture_name": "",
      "texture_uv_map": 0
    },
    "emissive": {
      "texture_name": "",
      "texture_uv_map": 0,
      "value": [
        0,
        0,
        0
      ]
    },
    "ambient": {
      "value": [
        0,
        0,
        0
      ]
    }
  }
}
