{
  "pCylinder1Mesh": {
    "diffuse": {
      "texture_name": "",
      "texture_uv_map": 0,
      "value": [
        0.40000000596046448,
        0.40000000596046448,
        0.40000000596046448
      ]
    },
    "specular": {
      "texture_name": "",
      "texture_uv_map": 0,
      "value": [
        0.40000000596046448,
        0.40000000596046448,
        0.40000000596046448
      ],
      "power": 10
    },
    "normal": {
      "texture_name": "",
      "texture_uv_map": 0
    },
    "emissive": {
      "texture_name": "",
      "texture_uv_map": 0,
      "value": [
        0,
        0,
        0
      ]
    },
    "ambient": {
      "value": [
        0,
        0,
        0
      ]
    }
  }
}
