{
  "weapon": {
    "diffuse": {
      "texture_name": "",
      "texture_uv_map": 0,
      "value": [
        0.63999998569488525,
        0.63999998569488525,
        0.63999998569488525
      ]
    },
    "specular": {
      "texture_name": "",
      "texture_uv_map": 0,
      "value": [
        0.5,
        0.5,
        0.5
      ],
      "power": 20
    },
    "normal": {
      "texture_name": "",
      "texture_uv_map": 0
    },
    "emissive": {
      "texture_name": "",
      "texture_uv_map": 0,
      "value": [
        0,
        0,
        0
      ]
    },
    "ambient": {
      "value": [
        0,
        0,
        0
      ]
    }
  }
}
